Model,Log-Likelihood,Silhouette Score
GMM,-4.2739162764054095,0.10203632431158342
