Model,Inertia,Silhouette Score
K-Means,6271.985899403925,0.11355269708306799
