Model,MSE,MAE,R2
Neural Network,99313.92085468277,268.2068421553195,-0.21742342080274923
