Model,MSE,MAE,R2
Random Forest Regressor,83922.43256988337,249.0763960201464,-0.0287493843970823
